Assistant de fabrication poissonnerie (H/F)	CARREFOUR	69 - ECULLY	ft:211XXCR
ASSISTANT DE FABRICATION (H/F)	CARREFOUR	69 - ECULLY	ft:211XXJS
Vendeur CDI temps partiel (18h) (F/H)	Lacoste	Lyon	wttj:vendeur-cdi-temps-partiel-18h-f-h_lyon
Conseiller de vente - 21h - Printemps Lyon H/F	Faguo	Lyon	wttj:conseiller-de-vente-21h-printemps-lyon-h-f_lyon
Conseiller-ère Vente Omnicanal (H/F) - Temps plein	Decathlon	Lyon	wttj:conseiller-ere-vente-omnicanal-h-f-temps-plein_lyon
Equipier de commerce F/H	Auchan	Lyon	wttj:equipier-de-commerce-f-h_lyon
Software Engineer Full Stack (NestJS / Angular) - Squad Operations H/F	Dougs	Bron	wttj:software-engineer-full-stack-nestjs-angular-squad-operations-h-f_bron
Conseiller de Vente F/H	Bouygues Telecom	Lyon	wttj:conseiller-de-vente-f-h_lyon
Vendeur-se / Hôte-sse (H/F) - Temps partiel Rayon Cycle	Decathlon	Bron	wttj:vendeur-se-hote-sse-temps-partiel-rayon-cycle_bron
Product & Software Engineer	Galadrim	Lyon, Nantes, Paris	wttj:developpeur-full-stack_paris
Software Engineer Frontend - F/H/N	OVHcloud	Lyon	wttj:software-engineer-frontend-f-h-n_lyon
Chargé clientèle H/F	INTELCIA	Vaulx-en-Velin	indeed:75e2761527a97337
Conseiller-ère Vente Omnicanal (H/F) Randonnée/Trekking/Escalade	Decathlon	Lyon	wttj:conseiller-ere-vente-omnicanal-randonnee-trekking-escalade_lyon
Conseiller-ère Vente Omnicanal (H/F)	Decathlon	Beynost	wttj:conseiller-ere-vente-omnicanal-h-f_beynost_60mxZqJ
Vendeur CDI temps partiel (25h) (F/H)	Lacoste	Lyon	wttj:vendeur-cdi-temps-partiel-25h-f-h_lyon
Conseiller de vente - 28h - Lyon H/F	Faguo	Lyon	wttj:conseiller-de-vente-28h-lyon-h-f_lyon
Vendeur au rayon charcuterie (F/H)	Carrefour	Écully	wttj:vendeur-au-rayon-charcuterie-f-h_ecully
Conseiller-ère Vente Omnicanal Randonnée Trek (H/F) - Temps partiel	Decathlon	Lyon	wttj:conseiller-ere-vente-omnicanal-randonnee-trek-temps-partiel_lyon
Conseiller de Vente F/H	Bouygues Telecom	Saint-Priest	wttj:conseiller-de-vente-f-h_saint-priest
Software Engineer Fullstack - Squad E-commerce H/F	Dougs	Bron	wttj:software-engineer-fullstack-squad-e-commerce-h-f_bron
Conseiller de vente Alimentaire F/H	Auchan	Caluire-et-Cuire	wttj:conseiller-de-vente-alimentaire-f-h_caluire-et-cuire
Conseiller de vente Jardin (F/H)	Castorama France	Rillieux-la-Pape	wttj:conseiller-de-vente-jardin-f-h_rillieux-la-pape
Conseiller de vente Technique (F/H)	Castorama France	Rillieux-la-Pape	wttj:conseiller-de-vente-technique-f-h_rillieux-la-pape_pDZoGeN
Conseiller(ère) Vente et Service Client	BRICO DEPOT	Saint-Priest	wttj:conseiller-ere-vente-et-service-client_saint-priest
Conseiller commercial Vente à Distance - Assurance Collective F/H	Malakoff Humanis	Lyon	wttj:conseiller-commercial-vente-a-distance-assurance-collective-f-h_lyon
Software Engineer Fullstack - Squad Compta Core H/F	Dougs	Bron	wttj:software-engineer-fullstack-squad-compta-core-h-f_bron_DOUGS_WLwbX4z
Vendeur au rayon charcuterie (F/H)	Carrefour	Écully	wttj:vendeur-au-rayon-charcuterie-f-h_ecully_CARRE_660z99j
Conseiller de Vente F/H	Bouygues Telecom	Saint-Priest	wttj:conseiller-de-vente-f-h_saint-priest_BT_9oRo7rk
Conseiller(e) running - CDD 35H - Août et septembre	Decathlon	Bron	wttj:conseiller-running-cdd-35h-aout-et-septembre_bron
Software Engineer Fullstack - Squad E-commerce H/F	Dougs	Bron	wttj:software-engineer-fullstack-squad-e-commerce-h-f_bron_DOUGS_pKeNlK
Téléconseiller Technique Automobile (H/F)	Opteven	Villeurbanne	wttj:gestionnaire-de-decision-technique-h-f_villeurbanne
Vendeur CDI temps partiel (17,5h) (F/H)	Lacoste	Lyon	wttj:vendeur-cdi-temps-partiel-17-5h-f-h_lyon_LACOS_xjGGgjg
Développeur d'applications mobile H/F	INFANS GROUP	Décines-Charpieu	indeed:4f09435d45a60443
Rayonniste en pharmacie H/F	PHARMACIE LABBE DUTILLEUL	Lyon 8e	indeed:124018ba79635eb6
Web Designer / UX Designer & Développeur·se WordPress	Lemon & Joy	Lyon 1er	indeed:11ae6577c04fc21c
Développeur·se Produit / Product Builder F/H	TheCodingMachine	Lyon (télétravail partiel)	indeed:13f2e49db20ea641
Conseiller-ère Vente Omnicanal Randonnée Trek (H/F) - Temps partiel (15/25h)	Decathlon	Lyon	wttj:conseiller-ere-vente-omnicanal-randonnee-trek-h-f-temps-partiel-15-25h_lyon_DECAT_3MNWWb5
Vendeur(euse) CDI (F/H)	Lacoste	Lyon	wttj:vendeur-euse-cdi-f-h_lyon_LACOS_NP0oaR3
Senior Product & Software Engineer	Galadrim	Lyon	wttj:developpeur-full-stack-senior-cdi_GALAD_07lJMD
Conseiller de Vente F/H	Bouygues Telecom	Caluire-et-Cuire	wttj:conseiller-de-vente-f-h_caluire-et-cuire_BT_YDq34ye
Vendeur polyvalent H/F	FRIPES A GOGO	69002 Lyon	indeed:9422d3eaec32265b
CDD Conseiller-ère Vente (H/F) Temps complet	Decathlon	Lyon	wttj:cdd-conseiller-ere-vente-h-f-temps-complet_lyon
Vendeur Polyvalent adidas (H/F/D) - Vaulx-en-Velin	Adidas France	Vaulx-en-Velin	wttj:vendeur-polyvalent-adidas-h-f-d-vaulx-en-velin_lyon
Vendeur polyvalent H/F	ARTHUR&ASTON	69006 Lyon	indeed:17adffe0f2c74aee
Vendeur animalier H/F	Les Jardins des Monts d'Or	69760 Limonest	indeed:c67dfc2631cf0de3
Développeur PHP H/F	INFANS GROUP	Décines-Charpieu (69)	indeed:4c52cb8b54ac7f1d
Commercial sédentaire H/F	Indy	Lyon	wttj:commercial-sedentaire-h-f_lyon
Vendeur polyvalent H/F en boulangerie	SAS LE FOURNIL DE L'OPERA	Lyon 2e (69002)	indeed:f462455b82cf4f20
Software Engineer Fullstack - OPB - Team transverse H/F	Dougs	Bron	wttj:software-engineer-fullstack-opb-team-transverse-h-f_bron
Vendeur produits frais poissonnerie (F/H)	Carrefour	Lyon	wttj:vendeur-produits-frais-poissonnerie-f-h_lyon
