WTTJ	Dev	UX/UI Designer / Développeur front-end	Activinnov	Villeurbanne		CDI	2026-06-25	activinnov~ux-ui-designer-developpeur-front-end_villeurbanne
WTTJ	Dev	Développeur·euse Front Web	PRIMX	Lyon		CDI	2026-06-09	prim-x-technologies~developpeur-euse-front-web_lyon
WTTJ	Dev	Développeur Fullstack JavaScript Junior (H/F)	PulseLife	Lyon		CDI	2026-07-30	pulselife~developpeur-fullstack-javascript-junior-h-f_lyon
WTTJ	Dev	Développeur Extranets PHP H/F	Diot Siaci	Lyon		CDI	2026-07-16	diot-siaci~developpeur-extranets-php-h-f_lyon
WTTJ	Dev	Développeur mobile Flutter CDI H/F	HelloCSE	Lyon		CDI	2026-07-03	hellocse~developpeur-mobile-flutter-cdi-h-f_lyon
WTTJ	Dev	Software Engineer Fullstack - OPB - Team transverse H/F	Dougs	Bron		CDI	2026-08-01	dougs~software-engineer-fullstack-opb-team-transverse-h-f_bron
WTTJ	Dev	Software Engineer Fullstack - Squad E-commerce H/F	Dougs	Bron		CDI	2026-08-01	dougs~software-engineer-fullstack-squad-e-commerce-h-f_bron_DOUGS_kMo67Xg
WTTJ	Dev	Software Engineer Full Stack (NestJS / Angular) - Squad Operations H/F	Dougs	Bron		CDI	2026-08-01	dougs~software-engineer-full-stack-nestjs-angular-squad-operations-h-f_bron_DOUGS_7ZNM0ak
WTTJ	Dev	Product & Software Engineer	Galadrim	Lyon		CDI	2026-08-03	galadrim~developpeur-full-stack_paris
WTTJ	Dev	Testeur Automaticien / QA Engineer H/F	NEXTON	Lyon		CDI	2026-07-24	nexton-consulting~testeur-automaticien-qa-engineer-h-f_lyon
WTTJ	Dev	Software Engineer Frontend - F/H/N	OVHcloud	Lyon		CDI	2026-07-18	ovh~software-engineer-frontend-f-h-n_lyon
WTTJ	Dev	Software Engineer - Developer Experience	Indy	Lyon		CDI	2026-06-29	indy~devx-h-f_lyon
WTTJ	Alimentaire	Téléconseiller Technique Automobile (H/F)	Opteven	Villeurbanne		CDI	2026-07-22	opteven~gestionnaire-de-decision-technique-h-f_villeurbanne
WTTJ	Alimentaire	Téléconseiller B2C F/H	Opteven	Villeurbanne		CDI	2026-06-24	opteven~teleconseiller-b2c-f-h_villeurbanne
WTTJ	Alimentaire	Conseiller de Vente 17h H/F - Lyon Bron	Sessùn	Lyon		CDI	2026-08-03	sessun~conseiller-de-vente-17h-h-f-lyon-bron_lyon
WTTJ	Alimentaire	Conseiller de Vente F/H	Bouygues Telecom	Caluire-et-Cuire		CDI	2026-07-30	bouygues-telecom~conseiller-de-vente-f-h_caluire-et-cuire_BT_YDq34ye
WTTJ	Alimentaire	Conseiller-ère Vente Omnicanal (H/F) - Temps partiel +/-15h	Decathlon	Limonest		CDI	2026-07-31	decathlon~conseiller-ere-vente-omnicanal-h-f-temps-partiel-15h_limonest
WTTJ	Alimentaire	Conseiller-ère Vente Omnicanal cycle (H/F) - Temps partiel 12h	Decathlon	Beynost		CDI	2026-07-31	decathlon~conseiller-ere-vente-omnicanal-cycle-h-f-temps-partiel-12h_beynost
WTTJ	Alimentaire	Conseiller-ère Vente randonnée (H/F) - 20H CDI	Decathlon	Lyon		CDI	2026-07-30	decathlon~conseiller-ere-vente-randonnee-h-f-20h-cdi_lyon
WTTJ	Alimentaire	Conseiller de vente Jardin (F/H)	Castorama France	Rillieux-la-Pape		CDI	2026-07-26	castorama-1~conseiller-de-vente-jardin-f-h_rillieux-la-pape_CF_l8Qm54V
WTTJ	Alimentaire	Conseiller de vente Alimentaire F/H	Auchan	Caluire-et-Cuire		CDI	2026-07-24	auchan~conseiller-de-vente-alimentaire-f-h_caluire-et-cuire_AUCHA_xMOW5
WTTJ	Alimentaire	Conseiller-ère Vente Omnicanal (H/F) - Temps plein	Decathlon	Lyon		CDI	2026-07-25	decathlon~conseiller-ere-vente-omnicanal-h-f-temps-plein_lyon_DECAT_N23WjqW
WTTJ	Alimentaire	Conseiller-ère Vente Omnicanal (H/F)	Decathlon	Beynost		CDI	2026-07-23	decathlon~conseiller-ere-vente-omnicanal-h-f_beynost_DECAT_60mxZqJ
WTTJ	Alimentaire	Conseiller-ère Vente Omnicanal (H/F)	Decathlon	Beynost		CDI	2026-07-20	decathlon~conseiller-ere-vente-omnicanal-h-f_beynost_DECAT_9GjeVzD
WTTJ	Alimentaire	Conseiller-ère Vente Omnicanal (H/F)	Decathlon	Beynost		CDI	2026-07-20	decathlon~conseiller-ere-vente-omnicanal-h-f_beynost_DECAT_rDW4rMm
WTTJ	Alimentaire	Conseiller de vente Technique (F/H)	Castorama France	Rillieux-la-Pape		CDI	2026-07-22	castorama-1~conseiller-de-vente-technique-f-h_rillieux-la-pape_CF_Vqr6R5W
WTTJ	Alimentaire	Conseiller commercial Vente à Distance - Assurance Collective F/H	Malakoff Humanis	Lyon		CDI	2026-07-22	malakoff-humanis~conseiller-commercial-vente-a-distance-assurance-collective-f-h_lyon
WTTJ	Alimentaire	Conseiller de Vente F/H	Bouygues Telecom	Saint-Priest		CDI	2026-07-17	bouygues-telecom~conseiller-de-vente-f-h_saint-priest_BT_9oRo7rk
WTTJ	Alimentaire	Conseiller de vente - 21h - Printemps Lyon H/F	Faguo	Lyon		CDI	2026-07-16	faguo~conseiller-de-vente-21h-printemps-lyon-h-f_lyon
WTTJ	Alimentaire	Vendeur produits frais poissonnerie (F/H)	Carrefour	Lyon		CDI	2026-08-02	carrefour~vendeur-produits-frais-poissonnerie-f-h_lyon
WTTJ	Alimentaire	Vendeur Polyvalent adidas (H/F/D) - Vaulx-en-Velin	Adidas France	Vaulx-en-Velin		CDI	2026-07-30	adidas-france~vendeur-polyvalent-adidas-h-f-d-vaulx-en-velin_lyon
WTTJ	Alimentaire	Vendeur CDI temps partiel (17,5h) (F/H)	Lacoste	Lyon		CDI	2026-07-29	lacoste~vendeur-cdi-temps-partiel-17-5h-f-h_lyon_LACOS_xjGGgjg
WTTJ	Alimentaire	Vendeur(euse) CDI (F/H)	Lacoste	Lyon		CDI	2026-07-29	lacoste~vendeur-euse-cdi-f-h_lyon_LACOS_NP0oaR3
WTTJ	Alimentaire	Vendeur(euse) CDI (F/H)	Lacoste	Lyon		CDI	2026-07-29	lacoste~vendeur-euse-cdi-f-h_lyon_LACOS_X4qZA8
WTTJ	Alimentaire	Vendeur CDI temps partiel (18h) (F/H)	Lacoste	Lyon		CDI	2026-07-24	lacoste~vendeur-cdi-temps-partiel-18h-f-h_lyon_LACOS_V4M53Nk
WTTJ	Alimentaire	Vendeur CDI temps partiel (25h) (F/H)	Lacoste	Lyon		CDI	2026-07-24	lacoste~vendeur-cdi-temps-partiel-25h-f-h_lyon_LACOS_aAJLKx7
WTTJ	Alimentaire	Conseiller(ère) de Vente - Clients Pros	BRICO DEPOT	Saint-Priest		CDI	2026-08-03	brico-depot~conseiller-ere-de-vente-clients-pros_saint-priest_BD_xDPyjaw
WTTJ	Alimentaire	Conseiller(e) de vente et service client - CDI étudiant	BRICO DEPOT	Saint-Priest		CDI	2026-08-03	brico-depot~conseiller-de-vente-et-service-client-cdi-etudiant_saint-priest_BD_W4Mp3ml
WTTJ	Alimentaire	HÔTE(SSE) DE CAISSE (H/F)	Groupement Les Mousquetaires	Villeurbanne		CDI	2026-08-01	groupement-les-mousquetaires~modele-intermarche-hote-sse-de-caisse-h-f_villeurbanne
Indeed	Alimentaire	Rayonniste en pharmacie H/F	PHARMACIE LABBE DUTILLEUL	Lyon	69008			124018ba79635eb6
Indeed	Alimentaire	EMPLOYÉ(E) COMMERCIAL(E) H/F - RAYON CHARCUTERIE TRAITEUR - CDI temps plein	Carrefour	Vaulx-en-Velin	69120	CDI		457cf7d9bba4cafd
Indeed	Alimentaire	Employé Commercial Rayon Fruits et Légumes	MEDIS CARREFOUR MARKET	Meyzieu	69330			a8566586c16f5b63
Indeed	Alimentaire	Assistant(e) Administratif(ve) & Coordination	SAMAC	Lyon				4349b19bdb32176b
Indeed	Alimentaire	PREPARATEUR EN PHARMACIE H/F	PHARMACIE DE LA CITE	Bron	69500			c5a10317097ba8f6
Indeed	Alimentaire	Préparateur réparateur véhicules de loisirs	CT CARR	Chassieu	69680			3406fb4551f5d10f
Indeed	Alimentaire	Technicien Préparateur Réparateur H/F	Groupe Hunyvers	Saint-Priest				adf4563965f5c46e
Indeed	Alimentaire	Chargé clientèle H/F	INTELCIA	Vaulx-en-Velin				e8f6076bc06e3c44
Indeed	Alimentaire	Conseillère vendeuse / Conseiller vendeur	Orange Store	Vénissieux				eaf69c9a7eb103df
Indeed	Alimentaire	Vendeur polyvalent H/F	Jules	Vaulx-en-Velin	69120			d1f798d4df811878
Indeed	Alimentaire	Vendeur polyvalent H/F	FRIPES A GOGO	Lyon	69002			9422d3eaec32265b
Indeed	Alimentaire	Vendeur polyvalent H/F en boulangerie	SAS LE FOURNIL DE L'OPERA	Lyon 2e	69002			f462455b82cf4f20
Indeed	Alimentaire	Vendeur polyvalent H/F	ARTHUR&ASTON	Lyon	69006			17adffe0f2c74aee
Indeed	Alimentaire	Vendeur/Vendeuse en Poissonnerie LYON 7	Poissonnerie Lugdunum Marée	Lyon 7e	69007	CDI		2f876e4fb5c3638f
Indeed	Alimentaire	Vendeur Automobile VO H/F	bymycar	Lyon				52911e15d7c44c9a
Indeed	Alimentaire	Vendeur véhicules neufs H/F	Recrutement Réseau Renault	Lyon				3b81dce46d12f0c8
Indeed	Alimentaire	Vendeur véhicules d'occasion H/F	Recrutement Réseau Renault	Lyon				f4fa4682334ff5dc
Indeed	Alimentaire	Vendeur fruits et légumes/marée Grand frais (H/F)	Grand Frais	Rillieux-la-Pape				247728ab4dc03984
Indeed	Alimentaire	Vendeur animalier H/F	Les Jardins des Monts d'Or	Limonest	69760	CDI		c67dfc2631cf0de3
Indeed	Alimentaire	VENDEUR(EUSE) CONFIRMEE DECORATION INTERIEUR (H/F)	FLOW	Lyon	69004			e223af4eaa6a6d8c
Indeed	Dev	Développeur Web Fullstack confirmé	Root-Me Pro	Lyon				f75af8c5a6cab32f
Indeed	Dev	Développeur PHP H/F	INFANS GROUP	Décines-Charpieu				4c52cb8b54ac7f1d
Indeed	Dev	Développeur·se Produit / Product Builder F/H	TheCodingMachine	Lyon		CDI		13f2e49db20ea641
Indeed	Dev	Web Designer / UX Designer & Développeur·se WordPress	Lemon & Joy	Lyon 1er	69001			11ae6577c04fc21c
Indeed	Dev	Développeur Back-end Python (H/F)	Lowit	Lyon	69003			6c8ecb13b8671a27
Indeed	Dev	Développeur.euse Back-End ou Full-Stack	EXO-DEV	Lyon	69006			d4e81f77fda7ded1
Indeed	Dev	Développeur Fullstack - TMA (H/F)	Reseau Services Sociaux Interassociatif	Lyon 3e	69003			352265be11fb99f4
Indeed	Dev	Développeur Magento 2	DATASOLUTION	Lyon				7304cb9338e2624c
